,Accuracy,F1 Score,Recall,Precision,PR AUC
Logistic Regression,0.8115,0.36065573770491804,0.24295506473724296,0.6995614035087719,0.48682918007780884
Random Forest Classifier,0.8148333333333333,0.46146388754241396,0.3625285605483625,0.6346666666666667,0.5134446959768434
Decision Tree Classifier,0.7306666666666667,0.39925650557620823,0.408987052551409,0.3899782135076253,0.2890901215515269
K-Nearest Neighbors,0.798,0.4470802919708029,0.3731911652703732,0.5574516496018203,0.41660496800363034
Gaussian Naive Bayes,0.724,0.4984857662023017,0.6268088347296268,0.41377576671694316,0.48098077890037705
Linear Discriminant Analysis,0.8103333333333333,0.3677777777777778,0.2520944402132521,0.6796714579055442,0.4804759234161194
AdaBoost Classifier,0.8156666666666667,0.4257528556593977,0.31226199543031224,0.6688417618270799,0.5234298793408361
Gradient Boosting Classifier,0.8208333333333333,0.4680851063829787,0.3602437166793602,0.6680790960451978,0.5459245247705501
XGBoost Classifier,0.8168333333333333,0.4693384838242395,0.37014470677837014,0.6411609498680739,0.5184884548633066
