,Accuracy,F1 Score,Recall,Precision,PR AUC
Logistic Regression with GridSearchCV,0.8071666666666667,0.380952380952381,0.27113480578827115,0.6402877697841727,0.4986582661881126
Random Forest with GridSearchCV,0.8206666666666667,0.46414342629482075,0.3549124143183549,0.6705035971223021,0.5451642057840889
AdaBoost with GridSearchCV,0.8208333333333333,0.4438696326952923,0.32673267326732675,0.6919354838709677,0.5244329096074963
Gradient Boosting with GridSearchCV,0.8196666666666667,0.4622266401590458,0.3541507996953541,0.6652360515021459,0.5434988921201059
XGBoost with GridSearchCV,0.8185,0.4579392732702837,0.3503427265803503,0.6609195402298851,0.5393954705676095
