,Accuracy,F1 Score,ROC AUC,Recall,Precision,PR AUC
Logistic Regression,0.8163333333333334,0.4325437693099896,0.7559815672036752,0.31987814166031986,0.6677265500794912,0.5090781483592715
Random Forest Classifier,0.8155,0.4613138686131387,0.7553488924576428,0.361005331302361,0.6388140161725068,0.5129115001585514
Decision Tree Classifier,0.7208333333333333,0.38622205936240384,0.6057209494069822,0.4013709063214014,0.3721751412429379,0.2803802737509735
K-Nearest Neighbors,0.7925,0.42968392120934495,0.701184475671312,0.3571972581873572,0.539080459770115,0.4069967296752565
Gaussian Naive Bayes,0.282,0.3752900232018561,0.7285441038564804,0.9855293221629855,0.23177503134515492,0.4722588011423
Linear Discriminant Analysis,0.8196666666666667,0.4632936507936508,0.7512464594344747,0.3556740289413557,0.6642958748221907,0.5075309714254697
AdaBoost Classifier,0.8166666666666667,0.4312306101344364,0.7743861706253998,0.3175932977913176,0.6714975845410628,0.5246419073439884
Gradient Boosting Classifier,0.8195,0.4614619592242665,0.783553170271648,0.3533891850723534,0.664756446991404,0.5452949448592083
XGBoost Classifier,0.8126666666666666,0.4590952839268527,0.7654252960376702,0.3632901751713633,0.6235294117647059,0.5210374390704509
